Title;P_Cites;Journal Impact Factor;Quartile;Word count;of Links;of comments;Shares
R1;7,219776091;14,24435936;1;250;4;1;22
R2;5,657446829;13,55781661;1;256;0;27;29000
R3;4,30734207;13,093343;1;364;5;;54600
R4;6,009630539;12,36960451;1;369;6;;60100
R5;3,748681932;12,35677852;1;458;1;0;2500
R6;5,007470235;12,21126193;1;458;3;0;757
R7;3,762763327;12,08764563;1;515;2;;27000
R8;4,132024594;11,65106938;1;571;4;;55000
R9;4,350732086;11,57588493;1;635;3;1;3200
R10;4,055929424;11,43825574;1;650;10;0;2800
R11;3,807439196;11,43461665;1;666;4;0;2400
R12;3,165344881;11,37230373;1;753;3;0;77000
R13;3,321827995;11,35022237;1;761;0;;21000
R14;2,659870221;11,2650247;1;782;8;5;6400
R15;3,486091652;11,25569071;1;787;4;0;3800
R16;1,529280419;11,22000256;1;895;1;13;422
R17;4,569847888;11,16577623;1;908;2;;14000
R18;3,136782909;11,08155013;1;911;10;23;8400
R19;3,737672953;11,05482639;1;950;6;;5600
R20;3,928268879;11,02744419;1;957;9;;2500
R21;2,114743504;10,94871919;1;962;6;0;42000
R22;1,897851389;10,89759467;1;971;10;;67300
R23;2,958573203;10,66580521;1;971;5;;5300
R24;2,841705392;10,65531114;1;1065;1;19;14000
R25;1,878574923;10,61315927;1;1099;4;;350000
R26;0,924234676;10,59554115;1;1118;2;;59400
R27;2,822100888;10,58687398;1;1135;8;0;20000
R28;3,015505374;10,57055648;1;1184;39;8;1300
R29;5,614380541;10,50671871;1;1221;3;;200000
R30;3,846831291;10,47946646;1;1260;6;4;3000
R31;2,888818238;10,44250543;1;1267;2;;37000
R32;3,638342608;10,39661203;1;1333;8;;54800
R33;2,424161525;10,39578025;1;1581;4;;35000
R34;3,882559471;10,29004546;1;1631;6;6;37000
R35;3,241937529;10,21905327;1;1742;9;;25000
R36;3,183867974;10,0533104;1;1761;49;4;1500
R37;3,015857467;10,00870422;1;1888;1;2;200000
R38;2,443432967;9,836241126;1;2039;1;104;200000
R39;2,274511077;9,819781296;1;2080;4;0;3600
R40;1,328080605;9,771218186;1;2090;1;95;100000
R41;2,868542012;9,751469927;1;3900;30;;20000
R42;2,155571476;9,746928216;1;4420;13;12;3400
R43;2,18589085;9,726110645;1;5892;21;;7100
R44;3,327394861;9,701641895;1;6462;600;28;200000
R45;2,233986507;9,690827498;1;8401;30;;14000
R46;2,863072139;9,687807106;1;1763;1;29;2300
R47;1,116701671;9,551582273;1;627;2;5;4500
R48;4,550887519;9,508762092;1;421;2;;26000
R49;2,329740814;9,466193486;1;;;;
R50;1,458692783;9,411041021;1;4437;3;2;2000
R51;2,308162264;9,410160967;1;1262;10;;715
R52;2,18467217;9,409459497;1;1738;32;;907
R53;0,748428976;9,408098243;1;1813;6;;2800
R54;0,361099347;9,376612658;1;2400;5;21;1300
R55;0,65271668;9,280813199;1;662;2;;3000
R56;0,024679783;9,269470825;1;800;6;;2800
R57;3,1339968;9,262618984;1;367;5;;3300
R58;2,240087434;9,254417199;1;507;8;13;2600
R59;0,859785911;9,249735045;1;992;10;30;2300
R60;1,512353936;9,151178477;1;499;10;5;1400
R61;2,047362421;9,14364344;1;619;10;3;1800
R62;1,627091335;9,137123365;1;1152;8;;867
R63;1,752728617;9,13712246;1;2363;4;;1500
R64;1,045594704;9,135746189;1;988;1;0;631
R65;1,029077674;9,115556585;1;759;20;1;1200
R66;1,110038854;9,096374581;1;1098;8;;950
R67;0,768234584;9,037163216;1;2797;22;7;1200
R68;1,404955638;9,003588995;1;1120;2;0;196
R69;2,618923439;8,975842064;1;2488;11;;1100
R70;0,845769684;8,934761115;1;2049;12;23;668
R71;0,69138581;8,921068583;1;2542;2;0;424
R72;0,685249205;8,91449941;1;1011;15;0;8
R73;0,494565467;8,908668281;1;2189;3;11;367
R74;0,096103699;8,829968962;1;1864;6;12;42406
R75;0,333596591;8,828873615;1;990;6;7;1733
R76;2,48458292;8,817400886;1;1741;5;10;35691
R77;0,165415644;8,777392542;1;1229;5;6;11061
R78;0,788586937;8,757015817;1;2975;3;0;51319
R79;1,724462649;8,720048574;1;1864;1;10;30756
R80;1,11922081;8,711608816;1;2460;1;12;58425
R81;1,853938557;8,684333032;1;2136;5;9;48060
R82;0,408975159;8,683795797;1;2833;7;0;0
R83;1,981387774;8,678089883;1;1995;7;6;4988
R84;2,546255132;8,601956846;1;2332;5;1;27984
R85;0,843186714;8,592728457;1;1998;6;3;45455
R86;0,777468619;8,55433438;1;3442;3;9;76585
R87;2,489550168;8,554093675;1;2696;6;5;24264
R88;2,226881077;8,527668492;1;1913;5;1;5261
R89;1,613128876;8,512732608;1;1858;8;5;25548
R90;0,898864057;8,50738151;1;2457;3;3;0
R91;0,334578735;8,39342813;1;2592;1;12;56376
R92;0,775623871;8,274133393;1;1718;2;12;13315
R93;2,132138823;8,252618057;1;1293;8;7;27476
R94;0,682780244;8,223380699;1;3023;7;6;55170
R95;0,704162119;8,176298708;1;3485;2;10;871
R96;1,767974253;8,063448356;1;2093;3;14;39767
R97;1,935886405;8,057070778;1;1490;7;0;16390
R98;0,504852756;8,02267215;1;1238;6;8;23832
R99;0,396980068;7,989251523;1;2583;1;8;12269
R100;1,361226427;7,972098485;1;1007;2;7;10574
R101;0,610444733;7,956638043;1;978;8;0;24206
R102;1,002768278;7,873654049;1;3019;5;3;13586
R103;0,687302313;7,84957001;1;3289;3;8;81403
R104;0,370561939;7,831119015;1;2347;5;3;21123
R105;0,781746776;7,826594502;1;2224;8;2;32248
R106;0,01867994;7,773985732;1;1778;4;11;8001
R107;0,141895507;7,719329261;1;1150;6;3;23288
R108;0,573680729;7,692174788;1;2528;5;6;53720
R109;0,126852876;7,677507779;1;2486;1;13;53449
R110;0,86097877;7,6744227;1;2317;7;8;52712
R111;0,218550703;7,667725063;1;2369;3;5;39681
R112;1,230322293;7,6497104;1;1612;5;5;39091
R113;1,102685605;7,642622236;1;1136;6;14;28116
R114;1,583812173;7,640785529;1;2721;3;14;25850
R115;1,864623625;7,63828723;1;3480;1;14;20880
R116;0,89578381;7,56531628;1;1143;8;5;17145
R117;0,681333206;7,502398097;1;2428;4;10;57058
R118;1,789950146;7,455520003;1;2877;4;2;19420
R119;0,130090051;7,427878044;1;776;1;7;3298
R120;0,562482265;7,413403173;1;1284;8;5;31137
R121;0,697453888;7,390126845;1;1145;6;11;5153
R122;0,666616525;7,363284999;1;1793;7;13;34515
R123;0,465008682;7,352303852;1;2904;7;14;7260
R124;0,256291444;7,286302883;1;1473;3;14;0
R125;0,333630117;7,281173817;1;2894;5;6;23152
R126;0,68756358;7,211361888;1;1932;7;0;30912
R127;0,852580724;7,145977496;1;3225;1;4;34669
R128;0,618372675;7,145209772;1;3185;4;6;12740
R129;1,205524625;7,118845116;1;2068;7;3;36707
R130;0,791488116;7,092355633;1;2354;1;8;1177
R131;0,368878767;7,07166168;1;2921;1;13;48927
R132;1,644225046;7,00752955;1;2211;8;7;11055
R133;1,605259561;7,001582592;1;2865;3;8;49421
R134;1,09331851;6,99049959;1;1674;5;2;23018
R135;0,895773265;6,962708759;1;2282;1;1;54198
R136;0,127618606;6,934813823;1;2636;3;10;659
R137;0,200282437;6,929715324;1;774;3;1;16641
R138;0,046669765;6,898928086;1;1030;8;11;19828
R139;1,842305949;6,886493377;1;734;8;9;15047
R140;1,441165195;6,862391757;1;743;3;5;16160
R141;0,416633915;6,731122616;1;1514;2;7;34065
R142;1,373887882;6,720552704;1;2854;3;8;17124
R143;0,87083426;6,70782977;1;1443;5;12;15512
R144;1,371809992;6,631408629;1;1817;5;13;9085
R145;1,384294605;6,609065433;1;3241;8;4;81025
R146;2,080940352;6,600861227;1;1266;6;4;16458
R147;0,17168314;6,582364875;1;2275;4;2;55738
R148;0,179712149;6,567460553;1;1264;1;1;18012
R149;0,827836365;6,545691349;1;2212;3;13;35392
R150;0,335012491;6,541751259;1;1871;6;14;26194
R151;0,145436142;6,49346622;1;2513;7;3;55914
R152;0,057005721;6,485336848;1;1443;7;8;3968
R153;2,337112305;6,481053563;1;912;5;14;1824
R154;0,940076502;6,467419475;1;2366;2;12;2958
R155;1,062774446;6,448183816;1;;;;
R156;2,688386687;6,416598392;1;1201;1;0;8707
R157;2,25632;6,411417803;1;3239;3;11;3239
R158;1,177052417;6,331825946;1;2566;3;8;25019
R159;0,29632382;6,310712986;1;2089;4;4;49614
R160;1,267560284;6,280053482;1;1530;4;12;33660
R161;1,290093414;6,272566615;1;953;6;13;5956
R162;2,342008052;6,266920998;1;250;4;1;22
R163;1,23449613;6,230459897;1;256;0;27;29000
R164;0,854701482;6,183818392;1;364;5;;54600
R165;0,341231154;6,146268121;1;369;6;;60100
R166;2,009141273;6,118885341;1;458;1;0;2500
R167;0,809447224;6,083232207;1;458;3;0;757
R168;2,221771173;6,062053732;1;515;2;;27000
R169;1,425605285;6,04499975;1;571;4;;55000
R170;0,264009957;6,030158614;1;635;3;1;3200
R171;0,211569899;6,028048064;1;650;10;0;2800
R172;0,383493008;5,979792369;1;666;4;0;2400
R173;0,020618518;5,840315847;1;753;3;0;77000
R174;1,936690452;5,840302039;1;761;0;;21000
R175;1,135602443;5,823659089;1;782;8;5;6400
R176;1,648897288;5,818516098;1;787;4;0;3800
R177;1,135811685;5,817651923;1;895;1;13;422
R178;0,985914785;5,810405144;1;908;2;;14000
R179;0,722747752;5,797309501;1;911;10;23;8400
R180;0,149266589;5,779767032;1;950;6;;5600
R181;0,859562188;5,772352233;1;957;9;;2500
R182;1,369400726;5,755355687;1;962;6;0;42000
R183;0,776249038;5,751218535;1;971;10;;67300
R184;1,779032431;5,723492026;1;971;5;;5300
R185;0,979783763;5,712748364;1;1065;1;19;14000
R186;0,736043419;5,702515265;1;1099;4;;350000
R187;0,029835158;5,687981199;1;1118;2;;59400
R188;0,113459425;5,664764188;1;1135;8;0;20000
R189;1,751996639;5,556807481;1;1184;39;8;1300
R190;1,076277833;5,537117618;1;1221;3;;200000
R191;1,323619504;5,484977102;1;1260;6;4;3000
R192;1,077001487;5,472028031;1;1267;2;;37000
R193;2,037914938;5,461547166;1;1333;8;;54800
R194;1,822893851;5,442866823;1;1581;4;;35000
R195;0,279951703;5,436301026;1;1631;6;6;37000
R196;1,814057707;5,433753146;1;1742;9;;25000
R197;1,46148877;5,4289092;1;1761;49;4;1500
R198;2,735614654;5,374326833;1;1888;1;2;200000
R199;1,803605257;5,318495257;1;2039;1;104;200000
R200;2,525506912;5,304564698;1;2080;4;0;3600
R201;0,486562747;5,293126987;1;2090;1;95;100000
R202;1,108152175;5,262271071;1;3900;30;;20000
R203;1,472426407;5,26028147;1;4420;13;12;3400
R204;1,1959904;5,214780129;1;5892;21;;7100
R205;1,889883989;5,149147947;1;6462;600;28;200000
R206;2,276142011;5,13505446;1;8401;30;;14000
R207;0,737532929;5,12970585;1;1763;1;29;2300
R208;3,5407118;5,11087943;1;627;2;5;4500
R209;1,489474611;5,086623054;1;421;2;;26000
R210;0,170843417;5,054218032;1;;;;
R211;0,629783343;4,867772429;1;4437;3;2;2000
R212;1,372999104;4,850621399;1;1262;10;;715
R213;1,791516217;4,828785577;1;1738;32;;907
R214;0,377930571;4,757298774;1;1813;6;;2800
R215;2,450332175;4,738589462;1;2400;5;21;1300
R216;1,585450674;4,720347098;1;662;2;;3000
R217;2,558262533;4,709115516;1;800;6;;2800
R218;1,998961192;4,685722299;1;367;5;;3300
R219;2,698542752;4,648994779;1;507;8;13;2600
R220;3,374211251;4,645279582;1;992;10;30;2300
R221;2,382076196;4,635199622;1;499;10;5;1400
R222;2,297579179;4,589148273;1;619;10;3;1800
R223;2,121423903;4,539078294;1;1152;8;;867
R224;1,206072927;4,502695308;1;2363;4;;1500
R225;0,320421304;4,5017971;1;988;1;0;631
R226;1,355216545;4,496328726;1;759;20;1;1200
R227;0,626238219;4,405102546;1;1098;8;;950
R228;1,445529133;4,250378039;1;2797;22;7;1200
R229;1,102310684;4,229536965;1;1120;2;0;196
R230;1,958891132;4,218618431;1;2488;11;;1100
R231;2,435443754;4,179673775;1;2049;12;23;668
R232;1,839123485;4,165364603;1;2542;2;0;424
R233;1,027282378;4,1315409;1;1011;15;0;8
R234;2,17214111;4,108590283;1;2189;3;11;367
R235;3,571588483;4,099967509;1;1864;6;12;42406
R236;2,843311853;3,978059867;1;990;6;7;1733
R237;1,431150512;3,968803094;1;1741;5;10;35691
R238;1,282424391;3,941361995;1;1229;5;6;11061
R239;2,274809567;3,909184658;1;2975;3;0;51319
R240;2,892047054;3,88037949;1;1864;1;10;30756
R241;4,390964241;3,871563288;1;2460;1;12;58425
R242;2,02962184;3,856060169;1;2136;5;9;48060
R243;2,457876357;3,84872505;1;2833;7;0;0
R244;1,561402998;3,823918844;1;1995;7;6;4988
R245;2,957019492;3,774541141;1;2332;5;1;27984
R246;4,885007503;3,71227247;1;1998;6;3;45455
R247;1,539022663;3,701348623;1;3442;3;9;76585
R248;2,982807873;3,68324778;1;2696;6;5;24264
R249;3,152812614;3,668684461;1;1913;5;1;5261
R250;3,395541483;3,566123788;1;1858;8;5;25548
R251;2,288153646;3,485828911;1;2457;3;3;0
R252;2,595262471;3,405765645;1;2592;1;12;56376
R253;3,217975033;3,350066627;1;1718;2;12;13315
R254;4,253070338;3,349031992;1;1293;8;7;27476
R255;2,766213481;3,33833982;1;3023;7;6;55170
R256;4,06491096;3,295935228;1;3485;2;10;871
R257;2,977364035;3,261760005;1;2093;3;14;39767
R258;1,83603977;3,230332391;1;1490;7;0;16390
R259;2,718569898;2,798555147;1;1238;6;8;23832
R260;4,046483565;2,651391828;1;2583;1;8;12269
R261;2,494024738;2,5964787;1;1007;2;7;10574
R262;3,992072877;2,52541207;1;978;8;0;24206
R263;4,588176368;2,51656455;1;3019;5;3;13586
R264;5,595491591;2,489899344;1;3289;3;8;81403
R265;4,876726263;2,233481174;1;2347;5;3;21123
R266;5,273774398;2,223165363;1;2224;8;2;32248
R267;3,906168411;2,1918452;1;1778;4;11;8001
R268;3,400193701;2,136980323;1;1150;6;3;23288
R269;3,439637411;2,125015009;1;2528;5;6;53720
R270;3,561360612;2,014630221;1;2486;1;13;53449
R271;4,751935905;1,931588952;1;2317;7;8;52712
R272;5,416000283;1,67827948;1;2369;3;5;39681
R273;3,844435826;1,665117917;1;1612;5;5;39091
R274;4,22810403;1,567243834;1;1136;6;14;28116
R275;5,452065899;1,276961737;1;2721;3;14;25850
R276;5,393721672;1,18261136;1;3480;1;14;20880
R277;5,629465967;0,738141547;1;1143;8;5;17145
R278;6,443992429;0,725586977;1;2428;4;10;57058
R279;5,807137268;14,17235777;2;2877;4;2;19420
R280;9,911549801;13,35030472;2;776;1;7;3298
R281;5,350826193;12,83077075;2;1284;8;5;31137
R282;9,548907849;12,62142329;2;1145;6;11;5153
R283;10,35104973;12,33809807;2;1793;7;13;34515
R284;6,088013281;12,30006363;2;2904;7;14;7260
R285;9,813909796;12,16425497;2;1473;3;14;0
R286;5,263811328;12,10251551;2;2894;5;6;23152
R287;6,007869464;11,91841128;2;1932;7;0;30912
R288;6,733246843;11,76076753;2;3225;1;4;34669
R289;10,07722383;11,7478684;2;3185;4;6;12740
R290;9,393107073;11,61325966;2;2068;7;3;36707
R291;8,172399205;11,57576331;2;2354;1;8;1177
R292;7,226003618;11,50068914;2;2921;1;13;48927
R293;6,798011853;11,50036855;2;2211;8;7;11055
R294;4,38140475;11,43831974;2;2865;3;8;49421
R295;10,17918894;11,30395844;2;1674;5;2;23018
R296;9,389832413;11,26997248;2;2282;1;1;54198
R297;6,648614164;11,18303677;2;2636;3;10;659
R298;3,488831584;11,03598323;2;774;3;1;16641
R299;6,741387225;11,02864731;2;1030;8;11;19828
R300;7,251910282;10,92418842;2;734;8;9;15047
R301;6,831127313;10,83027562;2;743;3;5;16160
R302;8,450393903;10,79749763;2;1514;2;7;34065
R303;9,014090299;10,78019056;2;2854;3;8;17124
R304;12,13941975;10,77703805;2;1443;5;12;15512
R305;10,12860193;10,76233937;2;1817;5;13;9085
R306;8,942505819;10,76061893;2;3241;8;4;81025
R307;5,595628568;10,70022324;2;1266;6;4;16458
R308;5,739130066;10,66486517;2;2275;4;2;55738
R309;7,155205978;10,56771108;2;1264;1;1;18012
R310;6,790360498;10,53974068;2;2212;3;13;35392
R311;6,183096949;10,53531262;2;1871;6;14;26194
R312;4,30505054;10,52746321;2;2513;7;3;55914
R313;8,773619609;10,52032667;2;1443;7;8;3968
R314;4,860439178;10,47985911;2;912;5;14;1824
R315;5,665971521;10,45327656;2;2366;2;12;2958
R316;7,499238637;10,43305091;2;;;;
R317;9,798243606;10,4229972;2;1201;1;0;8707
R318;8,823392781;10,38211027;2;3239;3;11;3239
R319;8,183663508;10,37405397;2;2566;3;8;25019
R320;5,774875452;10,34185393;2;2089;4;4;49614
R321;7,009079652;10,33318755;2;1530;4;12;33660
R322;6,810112685;10,32988151;2;953;6;13;5956
R323;4,852329077;10,32667159;2;250;4;1;22
R324;6,75011452;10,32072917;2;256;0;27;29000
R325;7,204471634;10,25276815;2;364;5;;54600
R326;4,665988425;10,22298167;2;369;6;;60100
R327;9,106997933;10,1388074;2;458;1;0;2500
R328;7,130263418;10,12512662;2;458;3;0;757
R329;11,28050034;10,03667346;2;515;2;;27000
R330;6,09473337;10,01286931;2;571;4;;55000
R331;7,509924293;10,0085537;2;635;3;1;3200
R332;1,735671197;9,951967812;2;650;10;0;2800
R333;8,803622417;9,94820359;2;666;4;0;2400
R334;7,951711073;9,930244047;2;753;3;0;77000
R335;8,142388267;9,901063341;2;761;0;;21000
R336;8,019209548;9,880728052;2;782;8;5;6400
R337;7,76305615;9,824278082;2;787;4;0;3800
R338;12,08179351;9,819533835;2;895;1;13;422
R339;9,711721431;9,771524722;2;908;2;;14000
R340;7,460405072;9,747024656;2;911;10;23;8400
R341;8,668096093;9,741888709;2;950;6;;5600
R342;6,17794762;9,695742376;2;957;9;;2500
R343;10,626101;9,555240936;2;962;6;0;42000
R344;3,606907168;9,530887846;2;971;10;;67300
R345;4,45200736;9,524073167;2;971;5;;5300
R346;7,557576747;9,502083228;2;1065;1;19;14000
R347;10,27338474;9,485142057;2;1099;4;;350000
R348;8,143649993;9,388754682;2;1118;2;;59400
R349;8,377037947;9,35598121;2;1135;8;0;20000
R350;8,358466613;9,351920307;2;1184;39;8;1300
R351;7,617729415;9,331546198;2;1221;3;;200000
R352;8,140894113;9,321549351;2;1260;6;4;3000
R353;4,772926565;9,31288899;2;1267;2;;37000
R354;8,414840323;9,280578753;2;1333;8;;54800
R355;4,894760518;9,260865201;2;1581;4;;35000
R356;2,558797929;9,259327204;2;1631;6;6;37000
R357;9,945733104;9,252031821;2;1742;9;;25000
R358;9,759664716;9,227770597;2;1761;49;4;1500
R359;11,70694176;9,201774425;2;1888;1;2;200000
R360;8,233742043;9,134369126;2;2039;1;104;200000
R361;7,045274464;9,118519638;2;2080;4;0;3600
R362;6,215463015;9,031527601;2;2090;1;95;100000
R363;11,28177542;9,014488763;2;3900;30;;20000
R364;7,240760327;8,979334192;2;4420;13;12;3400
R365;9,254696639;8,95601139;2;5892;21;;7100
R366;6,266538789;8,945965644;2;6462;600;28;200000
R367;5,622244315;8,900886974;2;8401;30;;14000
R368;6,177517219;8,890379849;2;1763;1;29;2300
R369;12,17466483;8,880649329;2;627;2;5;4500
R370;5,59405218;8,879566928;2;421;2;;26000
R371;7,169555078;8,867906081;2;;;;
R372;8,143470731;8,85822327;2;4437;3;2;2000
R373;8,852754131;8,842194437;2;1262;10;;715
R374;11,47520025;8,815646255;2;1738;32;;907
R375;8,671035658;8,80850034;2;1813;6;;2800
R376;7,708425496;8,805415178;2;2400;5;21;1300
R377;5,086798436;8,802134442;2;662;2;;3000
R378;7,058758769;8,780130177;2;800;6;;2800
R379;10,24470564;8,775318573;2;367;5;;3300
R380;8,554877966;8,768609728;2;507;8;13;2600
R381;8,188689029;8,701140778;2;992;10;30;2300
R382;10,36669487;8,679641051;2;499;10;5;1400
R383;3,679944325;8,669392797;2;619;10;3;1800
R384;9,797035997;8,662561212;2;1152;8;;867
R385;6,839603056;8,654496156;2;2363;4;;1500
R386;6,9638753;8,621052936;2;988;1;0;631
R387;9,278902016;8,612128853;2;759;20;1;1200
R388;7,828865091;8,590820364;2;1098;8;;950
R389;7,718830398;8,577192931;2;2797;22;7;1200
R390;7,61325524;8,571790848;2;1120;2;0;196
R391;10,2600507;8,560412559;2;2488;11;;1100
R392;3,969305603;8,527925432;2;2049;12;23;668
R393;7,185321351;8,508988325;2;2542;2;0;424
R394;4,355403164;8,505666558;2;1011;15;0;8
R395;5,163843489;8,478004147;2;2189;3;11;367
R396;8,575754509;8,463354505;2;1864;6;12;42406
R397;10,0800793;8,425387827;2;990;6;7;1733
R398;7,894041734;8,422396686;2;1741;5;10;35691
R399;6,976659409;8,394711139;2;1229;5;6;11061
R400;8,094302344;8,390236024;2;2975;3;0;51319
R401;8,153817643;8,389801315;2;1864;1;10;30756
R402;9,010644485;8,363706583;2;2460;1;12;58425
R403;10,85635477;8,33468744;2;2136;5;9;48060
R404;7,750374554;8,333431353;2;2833;7;0;0
R405;9,526102496;8,307648623;2;1995;7;6;4988
R406;10,53948529;8,298470229;2;2332;5;1;27984
R407;10,0878738;8,262795238;2;1998;6;3;45455
R408;7,733964828;8,252015404;2;3442;3;9;76585
R409;8,664545011;8,196840796;2;2696;6;5;24264
R410;5,244272036;8,196812786;2;1913;5;1;5261
R411;5,554356719;8,180968996;2;1858;8;5;25548
R412;7,957371511;8,179059719;2;2457;3;3;0
R413;4,537117218;8,171812521;2;2592;1;12;56376
R414;8,665658289;8,166553563;2;1718;2;12;13315
R415;8,610449173;8,149589778;2;1293;8;7;27476
R416;8,07076304;8,098138303;2;3023;7;6;55170
R417;5,810380814;8,094770813;2;3485;2;10;871
R418;7,50808093;8,073175848;2;2093;3;14;39767
R419;9,734933604;8,033803122;2;1490;7;0;16390
R420;8,463704046;8,01039378;2;1238;6;8;23832
R421;5,911096046;7,973357883;2;2583;1;8;12269
R422;7,165713047;7,966867219;2;1007;2;7;10574
R423;7,395613771;7,959705451;2;978;8;0;24206
R424;7,237867905;7,938991431;2;3019;5;3;13586
R425;9,94245956;7,936564401;2;3289;3;8;81403
R426;8,705759462;7,924077042;2;2347;5;3;21123
R427;9,177337428;7,910157984;2;2224;8;2;32248
R428;7,481153241;7,90159288;2;1778;4;11;8001
R429;8,520665881;7,892469981;2;1150;6;3;23288
R430;2,65480174;7,889636132;2;2528;5;6;53720
R431;7,632674083;7,889611929;2;2486;1;13;53449
R432;11,22497352;7,880928938;2;2317;7;8;52712
R433;5,869777521;7,880242594;2;2369;3;5;39681
R434;8,735989417;7,838633084;2;1612;5;5;39091
R435;10,31105046;7,833905369;2;1136;6;14;28116
R436;6,990210331;7,833293048;2;2721;3;14;25850
R437;9,159240206;7,810434822;2;3480;1;14;20880
R438;5,982742431;7,79904206;2;1143;8;5;17145
R439;12,54912544;7,784931713;2;2428;4;10;57058
R440;6,313015046;7,777447994;2;2877;4;2;19420
R441;8,681131736;7,776509032;2;776;1;7;3298
R442;7,862596637;7,741403666;2;1284;8;5;31137
R443;6,793398741;7,740850338;2;1145;6;11;5153
R444;8,624923522;7,730031952;2;1793;7;13;34515
R445;4,340578551;7,71683828;2;2904;7;14;7260
R446;7,591929146;7,715047326;2;1473;3;14;0
R447;5,337329788;7,699851413;2;2894;5;6;23152
R448;9,334211299;7,642888214;2;1932;7;0;30912
R449;6,879968511;7,640862187;2;3225;1;4;34669
R450;7,269900236;7,621238442;2;3185;4;6;12740
R451;10,11621541;7,61300614;2;2068;7;3;36707
R452;9,065762364;7,599618721;2;2354;1;8;1177
R453;7,56407962;7,592836809;2;2921;1;13;48927
R454;4,884846594;7,587242735;2;2211;8;7;11055
R455;7,473083029;7,581443025;2;2865;3;8;49421
R456;7,824115391;7,564476891;2;1674;5;2;23018
R457;11,16274948;7,561586197;2;2282;1;1;54198
R458;10,39143554;7,556741705;2;2636;3;10;659
R459;11,72623943;7,555752627;2;774;3;1;16641
R460;9,410529439;7,548111658;2;1030;8;11;19828
R461;4,825762298;7,539368263;2;734;8;9;15047
R462;6,837619452;7,520548585;2;743;3;5;16160
R463;6,139376521;7,501431024;2;1514;2;7;34065
R464;6,049390853;7,498851372;2;2854;3;8;17124
R465;8,483985726;7,481902146;2;1443;5;12;15512
R466;10,63089334;7,429491634;2;1817;5;13;9085
R467;6,107039653;7,416343195;2;3241;8;4;81025
R468;7,561484118;7,413917745;2;1266;6;4;16458
R469;3,983171422;7,413226426;2;2275;4;2;55738
R470;5,636112576;7,379355117;2;1264;1;1;18012
R471;11,39366853;7,375087694;2;2212;3;13;35392
R472;7,670691336;7,372877328;2;1871;6;14;26194
R473;6,560240404;7,35916486;2;2513;7;3;55914
R474;6,275090506;7,357835949;2;1443;7;8;3968
R475;9,139301039;7,355270214;2;912;5;14;1824
R476;8,633344628;7,325558718;2;2366;2;12;2958
R477;7,811474713;7,314713911;2;;;;
R478;10,12226829;7,307931547;2;1201;1;0;8707
R479;5,814015146;7,276196354;2;3239;3;11;3239
R480;5,502213707;7,255883966;2;2566;3;8;25019
R481;5,937687005;7,20422122;2;2089;4;4;49614
R482;7,257071276;7,17654487;2;1530;4;12;33660
R483;10,48191514;7,158758492;2;953;6;13;5956
R484;10,07459204;7,157004105;2;250;4;1;22
R485;9,887722952;7,122400212;2;256;0;27;29000
R486;10,03720622;7,039527307;2;364;5;;54600
R487;9,928233481;7,032427718;2;369;6;;60100
R488;7,738076534;7,014252795;2;458;1;0;2500
R489;7,756456952;7,009649274;2;458;3;0;757
R490;10,22424839;7,001181909;2;515;2;;27000
R491;7,046528722;6,988525812;2;571;4;;55000
R492;7,893051887;6,969834379;2;635;3;1;3200
R493;9,355315451;6,967009049;2;650;10;0;2800
R494;8,888599835;6,955547319;2;666;4;0;2400
R495;11,52561304;6,929368167;2;753;3;0;77000
R496;5,072639406;6,922738798;2;761;0;;21000
R497;6,31217597;6,918138746;2;782;8;5;6400
R498;9,193807472;6,913844297;2;787;4;0;3800
R499;9,592733946;6,911041134;2;895;1;13;422
R500;7,136315352;6,890560869;2;908;2;;14000
R501;7,6159101;6,882420668;2;911;10;23;8400
R502;6,314104786;6,855890588;2;950;6;;5600
R503;9,189839269;6,852382972;2;957;9;;2500
R504;10,21894177;6,827714378;2;962;6;0;42000
R505;10,56642166;6,804408101;2;971;10;;67300
R506;10,58647491;6,799861045;2;971;5;;5300
R507;6,516307091;6,797596787;2;1065;1;19;14000
R508;9,395990765;6,781110998;2;1099;4;;350000
R509;6,474675791;6,775097594;2;1118;2;;59400
R510;7,367733788;6,74563808;2;1135;8;0;20000
R511;5,312148286;6,735988738;2;1184;39;8;1300
R512;11,01362219;6,734044363;2;1221;3;;200000
R513;6,798183126;6,723754118;2;1260;6;4;3000
R514;6,47038972;6,700582292;2;1267;2;;37000
R515;5,496618948;6,665295768;2;1333;8;;54800
R516;10,28513599;6,661934087;2;1581;4;;35000
R517;7,011925378;6,635837742;2;1631;6;6;37000
R518;8,086382255;6,635818618;2;1742;9;;25000
R519;9,824312869;6,620072763;2;1761;49;4;1500
R520;5,547469184;6,601200729;2;1888;1;2;200000
R521;9,261839818;6,601188072;2;2039;1;104;200000
R522;9,61183778;6,597292775;2;2080;4;0;3600
R523;7,291265475;6,579593606;2;2090;1;95;100000
R524;4,664263579;6,56844867;2;3900;30;;20000
R525;10,73221666;6,533864553;2;4420;13;12;3400
R526;4,606911946;6,531413971;2;5892;21;;7100
R527;6,842048995;6,520201872;2;6462;600;28;200000
R528;6,455960962;6,5102096;2;8401;30;;14000
R529;8,414627879;6,505064021;2;1763;1;29;2300
R530;6,473586304;6,458966377;2;627;2;5;4500
R531;10,78575924;6,407875904;2;421;2;;26000
R532;6,922215949;6,381243335;2;;;;
R533;3,378712318;6,378836378;2;4437;3;2;2000
R534;5,359894522;6,374609558;2;1262;10;;715
R535;10,52443423;6,347836696;2;1738;32;;907
R536;7,808238581;6,321626895;2;1813;6;;2800
R537;7,207566889;6,265348877;2;2400;5;21;1300
R538;8,09433541;6,227320876;2;662;2;;3000
R539;9,860887093;6,188695728;2;800;6;;2800
R540;7,775147553;6,188601313;2;367;5;;3300
R541;6,838276487;6,18594666;2;507;8;13;2600
R542;8,197213164;6,182302397;2;992;10;30;2300
R543;6,203630872;6,166258943;2;499;10;5;1400
R544;7,975646282;6,160490243;2;619;10;3;1800
R545;7,219024518;6,151015375;2;1152;8;;867
R546;8,329143506;6,115759783;2;2363;4;;1500
R547;9,551294153;6,092145581;2;988;1;0;631
R548;8,926351992;6,08540319;2;759;20;1;1200
R549;12,94387051;6,082524479;2;1098;8;;950
R550;12,17282946;6,072282632;2;2797;22;7;1200
R551;6,959184406;6,050127168;2;1120;2;0;196
R552;10,91563666;6,042967531;2;2488;11;;1100
R553;7,760467525;6,013607663;2;2049;12;23;668
R554;7,994551911;6,007439666;2;2542;2;0;424
R555;7,473313771;5,909274803;2;1011;15;0;8
R556;6,599965428;5,908174465;2;2189;3;11;367
R557;8,847746243;5,907759871;2;1864;6;12;42406
R558;5,943784376;5,901530446;2;990;6;7;1733
R559;5,259007352;5,883009049;2;1741;5;10;35691
R560;11,76653283;5,860850727;2;1229;5;6;11061
R561;7,301063938;5,850275483;2;2975;3;0;51319
R562;6,412831705;5,82476816;2;1864;1;10;30756
R563;7,816334659;5,776096238;2;2460;1;12;58425
R564;10,51540185;5,734682787;2;2136;5;9;48060
R565;6,200289168;5,714756089;2;2833;7;0;0
R566;8,609635584;5,710211029;2;1995;7;6;4988
R567;6,04246671;5,643763636;2;2332;5;1;27984
R568;10,84037677;5,507413677;2;1998;6;3;45455
R569;8,665368403;5,478628378;2;3442;3;9;76585
R570;11,23588814;5,440276112;2;2696;6;5;24264
R571;8,283058195;5,340801161;2;1913;5;1;5261
R572;8,477159768;5,339700498;2;1858;8;5;25548
R573;5,749659409;5,321779628;2;2457;3;3;0
R574;4,768879614;5,317818944;2;2592;1;12;56376
R575;8,047509321;5,25576592;2;1718;2;12;13315
R576;6,797230117;5,150133672;2;1293;8;7;27476
R577;8,844304584;4,950284528;2;3023;7;6;55170
R578;6,684323234;4,732790195;2;3485;2;10;871
R579;6,963747691;4,579335998;2;2093;3;14;39767
R580;9,584278804;4,570426283;2;1490;7;0;16390
R581;3,472183271;4,535693714;2;1238;6;8;23832
R582;6,186269299;4,532628186;2;2583;1;8;12269
R583;7,272567431;4,437680779;2;1007;2;7;10574
R584;7,56575011;4,405247235;2;978;8;0;24206
R585;6,930455114;4,2952912;2;3019;5;3;13586
R586;11,13726765;3,972418534;2;3289;3;8;81403
R587;5,811519422;3,793798001;2;2347;5;3;21123
R588;5,250137304;2,767792208;2;2224;8;2;32248
R589;10,66619231;2,69839907;2;1778;4;11;8001
R590;1,106886217;0,023173103;3;1150;6;3;23288
R591;0,003222812;0,039726613;3;2528;5;6;53720
R592;1,394497315;0,04292673;3;2486;1;13;53449
R593;0,642793893;0,055508666;3;2317;7;8;52712
R594;2,71739243;0,079956102;3;2369;3;5;39681
R595;1,582421191;0,08258841;3;1612;5;5;39091
R596;2,558196436;0,09180686;3;1136;6;14;28116
R597;2,85296412;0,094827154;3;2721;3;14;25850
R598;1,044340674;0,098470199;3;3480;1;14;20880
R599;3,06443152;0,098815336;3;1143;8;5;17145
R600;1,617730322;0,124667501;3;2428;4;10;57058
R601;0,7987019;0,164074171;3;2877;4;2;19420
R602;0,853324425;0,178262859;3;776;1;7;3298
R603;0,25609564;0,204722881;3;1284;8;5;31137
R604;3,440121214;0,205355526;3;1145;6;11;5153
R605;0,172529859;0,20923221;3;1793;7;13;34515
R606;1,980526719;0,219875976;3;2904;7;14;7260
R607;0,902258989;0,239539266;3;1473;3;14;0
R608;0,508154922;0,246482229;3;2894;5;6;23152
R609;2,509240796;0,247807873;3;1932;7;0;30912
R610;2,109885231;0,254014588;3;3225;1;4;34669
R611;0,67268825;0,255553455;3;3185;4;6;12740
R612;0,760752226;0,256512165;3;2068;7;3;36707
R613;4,633246658;0,268013965;3;2354;1;8;1177
R614;2,889637505;0,288949588;3;2921;1;13;48927
R615;2,966047109;0,290780219;3;2211;8;7;11055
R616;5,331225098;0,291273245;3;2865;3;8;49421
R617;0,938130927;0,294040574;3;1674;5;2;23018
R618;2,548390107;0,312121467;3;2282;1;1;54198
R619;0,664427426;0,347035883;3;2636;3;10;659
R620;4,602986074;0,359107335;3;774;3;1;16641
R621;2,383787577;0,359621934;3;1030;8;11;19828
R622;1,453647528;0,372129215;3;734;8;9;15047
R623;0,505510986;0,382859203;3;743;3;5;16160
R624;0,844333834;0,391941337;3;1514;2;7;34065
R625;3,115305336;0,430425822;3;2854;3;8;17124
R626;0,953947697;0,460012657;3;1443;5;12;15512
R627;0,407410695;0,473934669;3;1817;5;13;9085
R628;1,983800271;0,477339232;3;3241;8;4;81025
R629;2,337670783;0,484380599;3;1266;6;4;16458
R630;2,155533458;0,506729719;3;2275;4;2;55738
R631;1,866826387;0,512086143;3;1264;1;1;18012
R632;1,526378659;0,522174614;3;2212;3;13;35392
R633;1,136803767;0,526951612;3;1871;6;14;26194
R634;0,825823783;0,551871037;3;2513;7;3;55914
R635;0,81809605;0,596934123;3;1443;7;8;3968
R636;2,125143574;0,601148072;3;912;5;14;1824
R637;0,090468705;0,606794948;3;2366;2;12;2958
R638;1,327280793;0,610806242;3;;;;
R639;0,964409794;0,612819239;3;1201;1;0;8707
R640;3,300088593;0,616642016;3;3239;3;11;3239
R641;0,70796039;0,623211343;3;2566;3;8;25019
R642;2,62014723;0,634750913;3;2089;4;4;49614
R643;0,519468254;0,673344143;3;1530;4;12;33660
R644;1,941222051;0,679746239;3;953;6;13;5956
R645;0,964893622;0,694110835;3;250;4;1;22
R646;1,001654394;0,705922028;3;256;0;27;29000
R647;0,070254337;0,706260699;3;364;5;;54600
R648;1,438091819;0,707124478;3;369;6;;60100
R649;0,122566239;0,714623459;3;458;1;0;2500
R650;4,258809807;0,727094827;3;458;3;0;757
R651;2,831912725;0,736713544;3;515;2;;27000
R652;1,136190013;0,736720632;3;571;4;;55000
R653;0,628556583;0,7387405;3;635;3;1;3200
R654;3,885810977;0,739005289;3;650;10;0;2800
R655;2,79428142;0,739861747;3;666;4;0;2400
R656;0,802532445;0,747255731;3;753;3;0;77000
R657;0,257745926;0,754923548;3;761;0;;21000
R658;1,401447648;0,759183961;3;782;8;5;6400
R659;2,76428775;0,761424924;3;787;4;0;3800
R660;0,296561807;0,762371746;3;895;1;13;422
R661;0,018532013;0,765533757;3;908;2;;14000
R662;0,871533042;0,769964706;3;911;10;23;8400
R663;2,904933512;0,806456069;3;950;6;;5600
R664;1,277269021;0,810892758;3;957;9;;2500
R665;3,767377448;0,812039236;3;962;6;0;42000
R666;0,788644157;0,813531977;3;971;10;;67300
R667;1,420632176;0,813688436;3;971;5;;5300
R668;1,205975172;0,82990017;3;1065;1;19;14000
R669;2,39830444;0,831188112;3;1099;4;;350000
R670;1,626939888;0,843476015;3;1118;2;;59400
R671;0,836275849;0,843974671;3;1135;8;0;20000
R672;4,12022546;0,868747454;3;1184;39;8;1300
R673;2,469080649;0,894055762;3;1221;3;;200000
R674;0,253313529;0,898652496;3;1260;6;4;3000
R675;2,301382748;0,902482957;3;1267;2;;37000
R676;0,310627033;0,910221031;3;1333;8;;54800
R677;1,655253998;0,914996241;3;1581;4;;35000
R678;2,642647466;0,926078736;3;1631;6;6;37000
R679;2,414187452;0,93382857;3;1742;9;;25000
R680;0,016965448;0,936434404;3;1761;49;4;1500
R681;2,030076916;0,949121434;3;1888;1;2;200000
R682;0,827915353;0,950879056;3;2039;1;104;200000
R683;1,560831585;0,97171392;3;2080;4;0;3600
R684;1,228538156;1,004239503;3;2090;1;95;100000
R685;1,002420643;1,00912478;3;3900;30;;20000
R686;0,632572522;1,035321638;3;4420;13;12;3400
R687;0,243644907;1,035593864;3;5892;21;;7100
R688;0,040242029;1,043795996;3;6462;600;28;200000
R689;0,831458407;1,044060016;3;8401;30;;14000
R690;0,895288995;1,052434257;3;1763;1;29;2300
R691;1,070866146;1,059669548;3;627;2;5;4500
R692;1,869601689;1,062020115;3;421;2;;26000
R693;1,241931165;1,093717024;3;;;;
R694;1,290484201;1,119763036;3;4437;3;2;2000
R695;0,540745562;1,159905818;3;1262;10;;715
R696;2,612774042;1,168636885;3;1738;32;;907
R697;0,438024866;1,169041319;3;1813;6;;2800
R698;1,18228803;1,173245739;3;2400;5;21;1300
R699;0,481085897;1,184953857;3;662;2;;3000
R700;1,04012167;1,193720284;3;800;6;;2800
R701;3,421725225;1,195584719;3;367;5;;3300
R702;0,824709313;1,196010183;3;507;8;13;2600
R703;0,07897016;1,215299149;3;992;10;30;2300
R704;4,144157735;1,271790903;3;499;10;5;1400
R705;3,394674093;1,276690913;3;619;10;3;1800
R706;2,296636246;1,283693225;3;1152;8;;867
R707;3,864578179;1,312892709;3;2363;4;;1500
R708;0,902374904;1,315454303;3;988;1;0;631
R709;3,977515001;1,335903585;3;759;20;1;1200
R710;3,219133365;1,336011877;3;1098;8;;950
R711;1,606219691;1,338348287;3;2797;22;7;1200
R712;0,720669032;1,398557216;3;1120;2;0;196
R713;0,419754866;1,409696151;3;2488;11;;1100
R714;1,235888961;1,43512852;3;2049;12;23;668
R715;1,165690134;1,441081154;3;2542;2;0;424
R716;0,110404793;1,446538587;3;1011;15;0;8
R717;2,023417304;1,448033574;3;2189;3;11;367
R718;0,052178826;1,452732258;3;1864;6;12;42406
R719;1,014476822;1,462721036;3;990;6;7;1733
R720;0,43244581;1,481026018;3;1741;5;10;35691
R721;2,217508402;1,483719062;3;1229;5;6;11061
R722;0,017761723;1,4894522;3;2975;3;0;51319
R723;2,954831837;1,491144877;3;1864;1;10;30756
R724;1,857339164;1,49614307;3;2460;1;12;58425
R725;4,349780446;1,504055599;3;2136;5;9;48060
R726;1,724009372;1,51487027;3;2833;7;0;0
R727;0,693702598;1,550777464;3;1995;7;6;4988
R728;1,72954354;1,553717941;3;2332;5;1;27984
R729;2,088592152;1,579937631;3;1998;6;3;45455
R730;2,717210426;1,585718197;3;3442;3;9;76585
R731;1,217976275;1,599980067;3;2696;6;5;24264
R732;1,41686804;1,646562864;3;1913;5;1;5261
R733;0,499306473;1,660931044;3;1858;8;5;25548
R734;1,02366503;1,661676611;3;2457;3;3;0
R735;1,285743277;1,66801659;3;2592;1;12;56376
R736;1,297408322;1,675759155;3;1718;2;12;13315
R737;0,156024094;1,689597052;3;1293;8;7;27476
R738;0,350482754;1,712490981;3;3023;7;6;55170
R739;1,4677687;1,730607817;3;3485;2;10;871
R740;1,893249556;1,758790374;3;2093;3;14;39767
R741;1,8901433;1,776832666;3;1490;7;0;16390
R742;0,215269449;1,779926452;3;1238;6;8;23832
R743;2,94700733;1,7924602;3;2583;1;8;12269
R744;2,240725065;1,80495642;3;1007;2;7;10574
R745;0,110701738;1,809685798;3;978;8;0;24206
R746;0,739723437;1,832250849;3;3019;5;3;13586
R747;1,329658645;1,83824455;3;3289;3;8;81403
R748;3,444797734;1,849628203;3;2347;5;3;21123
R749;1,975586103;1,854283048;3;2224;8;2;32248
R750;0,423290965;1,896030149;3;1778;4;11;8001
R751;0,406185346;1,922697259;3;1150;6;3;23288
R752;0,415960253;1,927304974;3;2528;5;6;53720
R753;1,142205345;1,951835794;3;2486;1;13;53449
R754;0,373998963;1,959181961;3;2317;7;8;52712
R755;1,465371223;1,969671462;3;2369;3;5;39681
R756;3,411468548;1,974733231;3;1612;5;5;39091
R757;1,272456624;1,985849654;3;1136;6;14;28116
R758;2,62319874;2,003901426;3;2721;3;14;25850
R759;3,131535196;2,005760214;3;3480;1;14;20880
R760;1,857629623;2,006023396;3;1143;8;5;17145
R761;0,57116798;2,015285355;3;2428;4;10;57058
R762;0,897256984;2,01999499;3;2877;4;2;19420
R763;0,466354431;2,03743512;3;776;1;7;3298
R764;0,565012331;2,039550835;3;1284;8;5;31137
R765;1,364839819;2,040356095;3;1145;6;11;5153
R766;2,741465081;2,047084328;3;1793;7;13;34515
R767;0,030934871;2,075181236;3;2904;7;14;7260
R768;0,579335593;2,07677324;3;1473;3;14;0
R769;2,768005649;2,083377547;3;2894;5;6;23152
R770;1,764244376;2,102575137;3;1932;7;0;30912
R771;3,918201846;2,103533194;3;3225;1;4;34669
R772;2,977056155;2,134625097;3;3185;4;6;12740
R773;0,985307454;2,169061997;3;2068;7;3;36707
R774;0,182269133;2,169900281;3;2354;1;8;1177
R775;2,697213464;2,193988027;3;2921;1;13;48927
R776;0,144675606;2,201242397;3;2211;8;7;11055
R777;0,491514033;2,202889382;3;2865;3;8;49421
R778;1,3301374;2,214120545;3;1674;5;2;23018
R779;2,55168263;2,225556844;3;2282;1;1;54198
R780;3,952191733;2,241172269;3;2636;3;10;659
R781;0,29585749;2,248066862;3;774;3;1;16641
R782;0,87160823;2,257639394;3;1030;8;11;19828
R783;1,432966216;2,270638043;3;734;8;9;15047
R784;2,226650828;2,283951428;3;743;3;5;16160
R785;1,741828219;2,33636081;3;1514;2;7;34065
R786;2,096380392;2,34647575;3;2854;3;8;17124
R787;0,63302896;2,405364924;3;1443;5;12;15512
R788;1,837930838;2,432969632;3;1817;5;13;9085
R789;3,179396241;2,43589988;3;3241;8;4;81025
R790;2,183459596;2,439516207;3;1266;6;4;16458
R791;2,021043612;2,447046214;3;2275;4;2;55738
R792;0,973154257;2,472435895;3;1264;1;1;18012
R793;0,454250355;2,499128416;3;2212;3;13;35392
R794;3,990049886;2,513339963;3;1871;6;14;26194
R795;3,205450237;2,525358149;3;2513;7;3;55914
R796;0,774747167;2,548048271;3;1443;7;8;3968
R797;0,665696084;2,550805448;3;912;5;14;1824
R798;0,348076575;2,555703059;3;2366;2;12;2958
R799;1,9367154;2,558194808;3;;;;
R800;0,288329306;2,563910141;3;1201;1;0;8707
R801;1,051877337;2,566051329;3;3239;3;11;3239
R802;0,093522653;2,574314639;3;2566;3;8;25019
R803;1,801165204;2,591656927;3;2089;4;4;49614
R804;1,10911652;2,60975942;3;1530;4;12;33660
R805;0,106594371;2,611244631;3;953;6;13;5956
R806;1,288952538;2,629160902;3;1201;1;0;8707
R807;2,430265152;2,643943487;3;3239;3;11;3239
R808;0,553663514;2,667649116;3;2566;3;8;25019
R809;1,489007729;2,692498275;3;2089;4;4;49614
R810;2,522867403;2,695040785;3;1530;4;12;33660
R811;2,42194996;2,695438486;3;953;6;13;5956
R812;1,885857702;2,713417456;3;1201;1;0;8707
R813;0,467460048;2,713585576;3;3239;3;11;3239
R814;5,321272996;2,717666065;3;250;4;1;22
R815;3,322465699;2,728615245;3;256;0;27;29000
R816;1,075736216;2,736175553;3;364;5;;54600
R817;0,894989171;2,74245655;3;369;6;;60100
R818;0,590961707;2,760333149;3;458;1;0;2500
R819;2,027821821;2,760920508;3;458;3;0;757
R820;1,005890366;2,764064935;3;515;2;;27000
R821;2,886563873;2,766373081;3;571;4;;55000
R822;0,536181208;2,801064057;3;635;3;1;3200
R823;2,396256277;2,819399447;3;650;10;0;2800
R824;0,391761914;2,8198137;3;666;4;0;2400
R825;2,320450215;2,841173219;3;753;3;0;77000
R826;1,793828579;2,853269585;3;761;0;;21000
R827;0,133880223;2,864309508;3;782;8;5;6400
R828;3,442792782;2,872782805;3;787;4;0;3800
R829;2,955844371;2,880357752;3;895;1;13;422
R830;0,438162534;2,885970216;3;908;2;;14000
R831;1,028473761;2,929019037;3;911;10;23;8400
R832;1,660933208;2,949094366;3;950;6;;5600
R833;0,290381486;2,955435522;3;957;9;;2500
R834;2,160250996;2,971641419;3;962;6;0;42000
R835;1,426529775;3,023449544;3;971;10;;67300
R836;0,7524526;3,043186556;3;971;5;;5300
R837;0,089006296;3,053070433;3;1065;1;19;14000
R838;3,501918165;3,05496631;3;1099;4;;350000
R839;0,721531195;3,123644479;3;1118;2;;59400
R840;3,345241727;3,151016513;3;1135;8;0;20000
R841;1,835061458;3,165861298;3;1184;39;8;1300
R842;2,533503745;3,203567905;3;1221;3;;200000
R843;1,31473605;3,208742394;3;1260;6;4;3000
R844;0,645257245;3,214691572;3;1267;2;;37000
R845;1,184554219;3,22003025;3;1333;8;;54800
R846;3,836854924;3,23055565;3;1581;4;;35000
R847;0,683744168;3,257513536;3;1631;6;6;37000
R848;0,332347967;3,259509035;3;1742;9;;25000
R849;0,476072448;3,351392322;3;1761;49;4;1500
R850;0,810791768;3,37782241;3;1888;1;2;200000
R851;0,728918605;3,428626917;3;2039;1;104;200000
R852;1,35775487;3,620886614;3;2080;4;0;3600
R853;1,754234862;3,628998893;3;2090;1;95;100000
R854;1,503926967;3,718676093;3;3900;30;;20000
R855;0,2402305;3,757683793;3;4420;13;12;3400
R856;3,239400423;3,824681137;3;5892;21;;7100
R857;2,436168607;3,87638956;3;6462;600;28;200000
R858;1,001822514;3,895400077;3;8401;30;;14000
R859;0,022681325;3,903479358;3;1763;1;29;2300
R860;1,597733607;4,034040075;3;627;2;5;4500
R861;0,287138004;4,036655533;3;421;2;;26000
R862;5,374193884;4,041688001;3;250;4;1;22
R863;2,042273464;4,07673895;3;256;0;27;29000
R864;1,438467622;4,112394643;3;364;5;;54600
R865;1,635287973;4,11600733;3;369;6;;60100
R866;1,087362474;4,119443305;3;458;1;0;2500
R867;0,328594974;4,176192895;3;458;3;0;757
R868;1,406106436;4,207716723;3;515;2;;27000
R869;2,249833953;4,218598709;3;571;4;;55000
R870;3,036206533;4,381171701;3;635;3;1;3200
R871;1,883263666;4,432522831;3;650;10;0;2800
R872;0,973770882;4,443778598;3;666;4;0;2400
R873;0,841317967;4,4479607;3;753;3;0;77000
R874;2,781041734;4,53054889;3;761;0;;21000
R875;1,937050962;4,610336013;3;782;8;5;6400
R876;2,532271185;4,725336282;3;787;4;0;3800
R877;0,279325767;4,727117921;3;895;1;13;422
R878;2,918332065;4,789519188;3;908;2;;14000
R879;0,748383853;4,893685537;3;911;10;23;8400
R880;0,431060195;4,9550149;3;950;6;;5600
R881;3,888697064;4,995119087;3;957;9;;2500
R882;5,87587046;5,065123873;3;962;6;0;42000
R883;1,774085642;5,10519535;3;971;10;;67300
R884;1,053055455;5,119706902;3;971;5;;5300
R885;0,884195271;5,237905076;3;1065;1;19;14000
R886;1,532523629;5,387834334;3;1099;4;;350000
R887;0,297200881;5,617916582;3;1118;2;;59400
R888;4,684495355;5,618315068;3;1135;8;0;20000
R889;0,332234811;5,716837613;3;1184;39;8;1300
R890;4,784085552;5,737821035;3;1221;3;;200000
R891;1,939582308;5,752220617;3;1260;6;4;3000
R892;2,023914683;5,876903515;3;1267;2;;37000
R893;0,294250102;6,202880782;3;1333;8;;54800
R894;1,428123305;6,307410413;3;1581;4;;35000
R895;1,138491421;6,658742807;3;1631;6;6;37000
R896;0,613418176;7,038492486;3;1742;9;;25000
R897;0,101324208;7,113583401;3;1761;49;4;1500
R898;0,160590221;1,70435729;4;1888;1;2;200000
R899;0,436497998;2,57737806;4;2039;1;104;200000
R900;3,42857615;2,682559999;4;2080;4;0;3600
R901;0,225321303;2,805022402;4;2090;1;95;100000
R902;2,632277769;2,954718522;4;3900;30;;20000
R903;1,491929649;3,177421196;4;4420;13;12;3400
R904;1,965479787;3,367556398;4;5892;21;;7100
R905;0,225167799;3,50210482;4;6462;600;28;200000
R906;0,431486953;3,630692593;4;8401;30;;14000
R907;1,438227766;3,673345887;4;1763;1;29;2300
R908;0,07571841;3,829757058;4;627;2;5;4500
R909;5,568166447;3,832603717;4;421;2;;26000
R910;3,191548727;3,854820139;4;250;4;1;22
R911;2,175942365;3,866364932;4;256;0;27;29000
R912;3,383468836;3,869348431;4;364;5;;54600
R913;2,862249952;3,880847525;4;369;6;;60100
R914;1,468635223;3,917976707;4;458;1;0;2500
R915;3,837211431;4,046491723;4;458;3;0;757
R916;5,268539656;4,096453482;4;515;2;;27000
R917;1,69721456;4,14014546;4;571;4;;55000
R918;0,269414917;4,232699815;4;635;3;1;3200
R919;1,693501673;4,247182558;4;650;10;0;2800
R920;2,151080679;4,247327782;4;666;4;0;2400
R921;0,58202033;4,259269703;4;753;3;0;77000
R922;4,692427616;4,299967688;4;761;0;;21000
R923;0,2148567;4,356799176;4;782;8;5;6400
R924;0,363234256;4,363265005;4;787;4;0;3800
R925;3,341451753;4,433061375;4;895;1;13;422
R926;5,149795127;4,557232492;4;908;2;;14000
R927;4,31393691;4,56985124;4;911;10;23;8400
R928;3,878588273;4,746602054;4;950;6;;5600
R929;4,314965919;4,773937536;4;957;9;;2500
R930;3,724793703;4,821417009;4;962;6;0;42000
R931;1,402924258;4,864904195;4;971;10;;67300
R932;0,559825267;4,996897688;4;971;5;;5300
R933;0,293365455;5,021033027;4;1065;1;19;14000
R934;0,148126187;5,031127255;4;1099;4;;350000
R935;0,600568076;5,03339072;4;1118;2;;59400
R936;0,7854757;5,042781924;4;1135;8;0;20000
R937;4,843677632;5,0650721;4;1184;39;8;1300
R938;1,049584341;5,066127508;4;1221;3;;200000
R939;3,121405281;5,081597159;4;1260;6;4;3000
R940;3,338426658;5,105270869;4;1267;2;;37000
R941;1,439019487;5,141890502;4;1333;8;;54800
R942;3,611446457;5,171130827;4;1581;4;;35000
R943;3,652798003;5,196709664;4;1631;6;6;37000
R944;0,227770865;5,220109407;4;1742;9;;25000
R945;1,703411418;5,241544217;4;1761;49;4;1500
R946;2,784085373;5,24953176;4;1888;1;2;200000
R947;0,810150299;5,257462561;4;2039;1;104;200000
R948;0,99397322;5,320604871;4;2080;4;0;3600
R949;0,237436956;5,338441114;4;2090;1;95;100000
R950;2,498859605;5,370511438;4;3900;30;;20000
R951;1,811182128;5,388439581;4;4420;13;12;3400
R952;1,330533037;5,406559913;4;5892;21;;7100
R953;3,145598234;5,42513616;4;6462;600;28;200000
R954;1,343787887;5,42526377;4;8401;30;;14000
R955;3,863015536;5,428861745;4;1763;1;29;2300
R956;0,298811834;5,513696448;4;627;2;5;4500
R957;2,656017433;5,523180947;4;421;2;;26000
R958;4,162014378;5,566604525;4;250;4;1;22
R959;3,409258995;5,584350624;4;256;0;27;29000
R960;5,860412868;5,585568723;4;364;5;;54600
R961;0,635573758;5,58959893;4;369;6;;60100
R962;2,173060381;5,68361665;4;458;1;0;2500
R963;2,026301515;5,683705018;4;458;3;0;757
R964;0,908245789;5,686344752;4;515;2;;27000
R965;0,328283109;5,715139502;4;571;4;;55000
R966;2,586418003;5,716764419;4;635;3;1;3200
R967;3,637175614;5,733500439;4;650;10;0;2800
R968;1,072686244;5,756878722;4;666;4;0;2400
R969;0,967366723;5,896188605;4;753;3;0;77000
R970;1,172887059;5,961190663;4;761;0;;21000
R971;2,868846569;6,016195095;4;782;8;5;6400
R972;1,436505939;6,057334954;4;787;4;0;3800
R973;0,734942013;6,067728325;4;895;1;13;422
R974;3,99936683;6,096197713;4;908;2;;14000
R975;1,243878099;6,100045699;4;911;10;23;8400
R976;4,021927581;6,161434447;4;950;6;;5600
R977;2,451913236;6,174451562;4;957;9;;2500
R978;0,503417171;6,177899835;4;962;6;0;42000
R979;3,879181854;6,186084045;4;971;10;;67300
R980;0,25000329;6,190939616;4;971;5;;5300
R981;0,322416725;6,212554743;4;1065;1;19;14000
R982;0,032454527;6,217186297;4;1099;4;;350000
R983;2,666445021;6,236459286;4;1118;2;;59400
R984;4,517953242;6,256243696;4;1135;8;0;20000
R985;2,60551786;6,262428186;4;1184;39;8;1300
R986;0,988643563;6,264209655;4;1221;3;;200000
R987;0,81526532;6,27466224;4;1260;6;4;3000
R988;4,328941877;6,295873467;4;1267;2;;37000
R989;3,313662529;6,310884685;4;1333;8;;54800
R990;2,321779217;6,3249196;4;1581;4;;35000
R991;0,204434361;6,368221607;4;1631;6;6;37000
R992;4,442961928;6,411847073;4;1742;9;;25000
R993;1,367168295;6,432863011;4;1761;49;4;1500
R994;3,215531317;6,434390729;4;1888;1;2;200000
R995;0,833259318;6,442142952;4;2039;1;104;200000
R996;1,411788931;6,450878158;4;2080;4;0;3600
R997;1,246862916;6,457763697;4;2090;1;95;100000
R998;3,420905263;6,499158675;4;3900;30;;20000
R999;3,003702775;6,504878229;4;4420;13;12;3400
R1000;4,876443299;6,515224594;4;5892;21;;7100
R1001;2,458428556;6,524172717;4;6462;600;28;200000
R1002;2,229908798;6,531573254;4;8401;30;;14000
R1003;3,077353865;6,536613593;4;1763;1;29;2300
R1004;0,542451987;6,560155883;4;627;2;5;4500
R1005;1,713993937;6,564062522;4;421;2;;26000
R1006;2,411408756;6,579755863;4;250;4;1;22
R1007;2,624091879;6,582399295;4;256;0;27;29000
R1008;2,566362011;6,591509864;4;364;5;;54600
R1009;2,180557302;6,599785932;4;369;6;;60100
R1010;0,547458007;6,618915797;4;458;1;0;2500
R1011;3,751270763;6,683518621;4;458;3;0;757
R1012;1,899752649;6,689967922;4;515;2;;27000
R1013;0,674962591;6,69790783;4;571;4;;55000
R1014;0,003004275;6,716528249;4;635;3;1;3200
R1015;1,141592139;6,725607941;4;650;10;0;2800
R1016;0,65741318;6,745270057;4;666;4;0;2400
R1017;4,102010504;6,804144441;4;753;3;0;77000
R1018;3,665504946;6,805750052;4;761;0;;21000
R1019;0,986018471;6,819079674;4;782;8;5;6400
R1020;0,750536743;6,820879848;4;787;4;0;3800
R1021;0,144104909;6,829710117;4;895;1;13;422
R1022;2,086535675;6,831253004;4;908;2;;14000
R1023;0,34784388;6,837138212;4;911;10;23;8400
R1024;4,551971196;6,851183121;4;950;6;;5600
R1025;1,763261762;6,858658991;4;957;9;;2500
R1026;3,996661573;6,859587644;4;962;6;0;42000
R1027;3,010199616;6,871228347;4;971;10;;67300
R1028;0,584322071;6,925039928;4;971;5;;5300
R1029;1,116645979;6,944673196;4;1065;1;19;14000
R1030;1,125241725;6,953242707;4;1099;4;;350000
R1031;4,415197822;6,953420967;4;1118;2;;59400
R1032;1,111769524;6,983228848;4;1135;8;0;20000
R1033;0,522267342;7,038070991;4;1184;39;8;1300
R1034;3,881664972;7,041362078;4;1221;3;;200000
R1035;2,596611121;7,056677685;4;1260;6;4;3000
R1036;2,756123146;7,085433803;4;1267;2;;37000
R1037;0,426454784;7,133644053;4;1333;8;;54800
R1038;5,257702021;7,165087988;4;1581;4;;35000
R1039;1,820726533;7,175537945;4;1631;6;6;37000
R1040;3,750961734;7,176337269;4;1742;9;;25000
R1041;3,670739626;7,210167346;4;1761;49;4;1500
R1042;2,333650399;7,246273808;4;1888;1;2;200000
R1043;2,783177109;7,251808066;4;2039;1;104;200000
R1044;0,153046148;7,255032082;4;2080;4;0;3600
R1045;1,772647192;7,26876356;4;2090;1;95;100000
R1046;2,093340914;7,279131912;4;3900;30;;20000
R1047;2,41159235;7,290739371;4;4420;13;12;3400
R1048;0,086872214;7,327888546;4;5892;21;;7100
R1049;0,841737158;7,340971356;4;6462;600;28;200000
R1050;0,857809162;7,348617475;4;8401;30;;14000
R1051;4,740583282;7,364070269;4;1763;1;29;2300
R1052;4,309372993;7,390430834;4;627;2;5;4500
R1053;0,169121513;7,401982742;4;421;2;;26000
R1054;0,307097622;7,40256028;4;250;4;1;22
R1055;4,256981903;7,478353297;4;256;0;27;29000
R1056;1,947178816;7,497940777;4;364;5;;54600
R1057;3,573111819;7,503617029;4;369;6;;60100
R1058;2,307364017;7,525832612;4;458;1;0;2500
R1059;3,182701257;7,53166302;4;458;3;0;757
R1060;0,057459274;7,544871699;4;515;2;;27000
R1061;4,315669555;7,557823071;4;571;4;;55000
R1062;0,575708505;7,560295378;4;635;3;1;3200
R1063;0,711598114;7,59262431;4;650;10;0;2800
R1064;0,843907564;7,610022882;4;666;4;0;2400
R1065;0,379463715;7,612294151;4;753;3;0;77000
R1066;0,970427587;7,61561008;4;761;0;;21000
R1067;0,412823926;7,645645306;4;782;8;5;6400
R1068;0,223126334;7,655862002;4;787;4;0;3800
R1069;0,463437297;7,690074897;4;895;1;13;422
R1070;4,530164431;7,690375376;4;908;2;;14000
R1071;0,206846168;7,694650311;4;911;10;23;8400
R1072;3,12131603;7,698464738;4;950;6;;5600
R1073;2,233898744;7,730676377;4;957;9;;2500
R1074;1,795310946;7,741562026;4;962;6;0;42000
R1075;2,537800194;7,75480382;4;971;10;;67300
R1076;0,799588967;7,758586307;4;971;5;;5300
R1077;0,109268307;7,79158559;4;1065;1;19;14000
R1078;2,063962487;7,792873939;4;1099;4;;350000
R1079;0,500385049;7,804998818;4;1118;2;;59400
R1080;2,169530578;7,806621722;4;1135;8;0;20000
R1081;1,446985958;7,822792056;4;1184;39;8;1300
R1082;1,805451519;7,844667401;4;1221;3;;200000
R1083;5,043585672;7,852978315;4;1260;6;4;3000
R1084;1,785522686;7,866883969;4;1267;2;;37000
R1085;2,957220336;7,915385774;4;1333;8;;54800
R1086;2,593296453;7,922176268;4;1581;4;;35000
R1087;0,038620533;7,941826109;4;1631;6;6;37000
R1088;0,519989162;8,013316561;4;1742;9;;25000
R1089;1,817449782;8,039840135;4;1761;49;4;1500
R1090;3,701194836;8,050959476;4;1888;1;2;200000
R1091;0,936071923;8,059938278;4;2039;1;104;200000
R1092;0,957709021;8,078636739;4;2080;4;0;3600
R1093;3,148593105;8,09358901;4;2090;1;95;100000
R1094;1,50814554;8,167638943;4;3900;30;;20000
R1095;0,681260542;8,169816162;4;4420;13;12;3400
R1096;2,628236851;8,185417622;4;5892;21;;7100
R1097;1,361533406;8,198068454;4;6462;600;28;200000
R1098;3,142833792;8,208968856;4;8401;30;;14000
R1099;1,091838066;8,209922851;4;1763;1;29;2300
R1100;1,852965156;8,226264071;4;627;2;5;4500
R1101;1,787861309;8,255198138;4;421;2;;26000
R1102;1,44573578;8,255205836;4;250;4;1;22
R1103;6,830522187;8,257220863;4;256;0;27;29000
R1104;2,891363642;8,264594428;4;364;5;;54600
R1105;2,158247864;8,267269595;4;369;6;;60100
R1106;0,957609171;8,28971871;4;458;1;0;2500
R1107;3,46585359;8,291802852;4;458;3;0;757
R1108;0,082363647;8,309872094;4;515;2;;27000
R1109;2,357281423;8,317212388;4;571;4;;55000
R1110;1,643732589;8,32537293;4;635;3;1;3200
R1111;1,401372061;8,342835556;4;650;10;0;2800
R1112;0,084998547;8,361941814;4;666;4;0;2400
R1113;0,48800499;8,415220823;4;753;3;0;77000
R1114;1,896895435;8,428773881;4;761;0;;21000
R1115;0,239384688;8,434698445;4;782;8;5;6400
R1116;2,04125575;8,459514259;4;787;4;0;3800
R1117;3,727284282;8,467974445;4;895;1;13;422
R1118;4,402963962;8,474169541;4;908;2;;14000
R1119;2,809188551;8,494770249;4;911;10;23;8400
R1120;2,293560676;8,569002866;4;950;6;;5600
R1121;1,803016599;8,578038843;4;957;9;;2500
R1122;0,30419481;8,583524382;4;962;6;0;42000
R1123;0,757449221;8,604880605;4;971;10;;67300
R1124;4,448851783;8,653126985;4;971;5;;5300
R1125;1,534050024;8,657998209;4;1065;1;19;14000
R1126;1,930964918;8,666232196;4;1099;4;;350000
R1127;0,475442559;8,684333027;4;1118;2;;59400
R1128;2,59659296;8,692139589;4;1135;8;0;20000
R1129;2,992479276;8,700014339;4;1184;39;8;1300
R1130;0,846470893;8,7325586;4;1221;3;;200000
R1131;2,891399977;8,740212138;4;1260;6;4;3000
R1132;1,814971867;8,748479042;4;1267;2;;37000
R1133;0,646001715;8,769964053;4;1333;8;;54800
R1134;0,725858569;8,812082517;4;1581;4;;35000
R1135;0,84118978;8,843383175;4;1631;6;6;37000
R1136;4,785975805;8,866436591;4;1742;9;;25000
R1137;1,239641363;8,871458678;4;1761;49;4;1500
R1138;2,565456653;8,886176544;4;1888;1;2;200000
R1139;2,97208964;8,889495176;4;2039;1;104;200000
R1140;0,003629253;8,906546503;4;2080;4;0;3600
R1141;1,105125311;8,91132165;4;2090;1;95;100000
R1142;2,810823265;8,914308547;4;3900;30;;20000
R1143;3,067092714;8,956765222;4;4420;13;12;3400
R1144;1,591278757;9,032504347;4;5892;21;;7100
R1145;2,036574969;9,136910301;4;6462;600;28;200000
R1146;5,004474457;9,156353614;4;8401;30;;14000
R1147;1,353237525;9,169519392;4;1763;1;29;2300
R1148;1,942006918;9,179985507;4;627;2;5;4500
R1149;0,456926432;9,202151483;4;421;2;;26000
R1150;5,032062471;9,209790027;4;250;4;1;22
R1151;2,63335884;9,284037045;4;256;0;27;29000
R1152;2,487096468;9,326113206;4;364;5;;54600
R1153;1,517246964;9,356431545;4;369;6;;60100
R1154;2,220920057;9,377376962;4;458;1;0;2500
R1155;2,401494546;9,408327027;4;458;3;0;757
R1156;5,94924954;9,513782207;4;515;2;;27000
R1157;3,516904429;9,519064824;4;571;4;;55000
R1158;5,957685278;9,52021533;4;635;3;1;3200
R1159;1,161842024;9,525513805;4;650;10;0;2800
R1160;1,230002046;9,534088543;4;666;4;0;2400
R1161;0,615323196;9,545422483;4;753;3;0;77000
R1162;0,51999082;9,592161283;4;761;0;;21000
R1163;0,562732121;9,612228538;4;782;8;5;6400
R1164;2,26025423;9,620170901;4;787;4;0;3800
R1165;1,055701484;9,626933064;4;895;1;13;422
R1166;0,633313459;9,673532617;4;908;2;;14000
R1167;0,674964558;9,689233136;4;911;10;23;8400
R1168;5,164552042;9,725051362;4;950;6;;5600
R1169;3,045700974;9,746719839;4;957;9;;2500
R1170;1,934985862;9,765391367;4;962;6;0;42000
R1171;2,370556954;9,789207363;4;971;10;;67300
R1172;0,015621153;9,803467808;4;971;5;;5300
R1173;3,832291434;9,840587413;4;1065;1;19;14000
R1174;1,9165548;9,864989347;4;1099;4;;350000
R1175;4,908339627;9,887140224;4;1118;2;;59400
R1176;0,408235056;9,895860753;4;1135;8;0;20000
R1177;1,948542195;10,00591965;4;1184;39;8;1300
R1178;3,765487081;10,13637954;4;1221;3;;200000
R1179;1,126926975;10,145084;4;1260;6;4;3000
R1180;2,216094511;10,15725663;4;1267;2;;37000
R1181;2,301430956;10,25531489;4;1333;8;;54800
R1182;1,122476626;10,37132248;4;1581;4;;35000
R1183;0,884624147;10,3764701;4;1631;6;6;37000
R1184;0,827423292;10,40648678;4;1742;9;;25000
R1185;0,226210325;10,43342377;4;1761;49;4;1500
R1186;2,01284804;10,50378763;4;1888;1;2;200000
R1187;5,253515699;10,6420548;4;2039;1;104;200000
R1188;0,490101964;10,74019304;4;2080;4;0;3600
R1189;2,554841535;10,78213066;4;2090;1;95;100000
R1190;0,432209299;10,83051967;4;3900;30;;20000
R1191;3,153888783;10,94613832;4;4420;13;12;3400
R1192;1,967006559;10,97120497;4;5892;21;;7100
R1193;0,917709868;10,97448681;4;6462;600;28;200000
R1194;1,607422351;10,98167181;4;8401;30;;14000
R1195;3,018098172;11,0572469;4;1763;1;29;2300
R1196;0,246786099;11,13477393;4;627;2;5;4500
R1197;1,792988038;11,16891743;4;421;2;;26000
R1198;0,910533864;11,51046324;4;5892;21;;7100
R1199;1,782557404;11,55320697;4;6462;600;28;200000
R1200;3,790701888;11,61461065;4;8401;30;;14000
R1201;0,359439872;11,65177624;4;627;2;5;4500
